rank,id,distance,similarity_score,document,popularity,title,language,category,rating_score,source_name,document_type,year,content_length,question,query,finding
1,record_53,0.45216912031173706,0.5478308796882629,Title: AI Market Growth | Content: AI Market Growth | Category: business | Document type: excel | Source: reuters | Language: unknown,28.0,AI Market Growth,unknown,business,7.0,reuters,excel,2026,16,"Which records discuss artificial intelligence, business, and technology?",artificial intelligence business technology market,Top result: AI Market Growth | Category: business | Similarity score: 0.5478
2,record_148,0.5376418828964233,0.46235811710357666,"Title: Commentary: AI drives global tech layoffs, but Intel, QNAP, and Realtek tell different stories | Content: Generative AI is moving from concept to commercial deployment, reshaping the global technology supply chain. It is shifting from a productivity tool to a core enterprise infrastructure. At the same time, layoffs are accelerating across Silicon Valley tech fir… | Category: json | Document type: json | Source: digitimes | Language: unknown",260.0,"Commentary: AI drives global tech layoffs, but Intel, QNAP, and Realtek tell different stories",unknown,json,2.6,digitimes,json,0,260,"Which records discuss artificial intelligence, business, and technology?",artificial intelligence business technology market,Top result: AI Market Growth | Category: business | Similarity score: 0.4624
3,record_17,0.6212689876556396,0.37873101234436035,"Title: Global Market | Nikkei jumps nearly 2% as AI, chip stocks rally | Content: Japan's Nikkei index surged on Wednesday, driven by technology stocks. Investors eased worries about rising oil prices, boosting market sentiment. Advantest and SoftBank Group saw significant gains. Shipping firm Mitsui OSK Lines and Mitsubishi Materials also… | Category: news_api | Document type: news_api | Source: the times of india | Language: unknown",260.0,"Global Market | Nikkei jumps nearly 2% as AI, chip stocks rally",unknown,news_api,2.6,the times of india,news_api,0,260,"Which records discuss artificial intelligence, business, and technology?",artificial intelligence business technology market,Top result: AI Market Growth | Category: business | Similarity score: 0.3787
1,record_53,0.40052878856658936,0.5994712114334106,Title: AI Market Growth | Content: AI Market Growth | Category: business | Document type: excel | Source: reuters | Language: unknown,28.0,AI Market Growth,unknown,business,7.0,reuters,excel,2026,16,Which business records are semantically related to AI and markets?,AI technology market growth,Top result: AI Market Growth | Category: business | Similarity score: 0.5995
2,record_59,0.8559243083000183,0.1440756916999817,Title: Streaming Rights Watch | Content: Streaming Rights Watch | Category: business | Document type: excel | Source: financial times | Language: unknown,26.0,Streaming Rights Watch,unknown,business,4.0,financial times,excel,2026,22,Which business records are semantically related to AI and markets?,AI technology market growth,Top result: AI Market Growth | Category: business | Similarity score: 0.1441
3,record_61,0.8653875589370728,0.13461244106292725,Title: Inflation Briefing | Content: Inflation Briefing | Category: business | Document type: excel | Source: al jazeera | Language: unknown,22.0,Inflation Briefing,unknown,business,2.0,al jazeera,excel,2026,18,Which business records are semantically related to AI and markets?,AI technology market growth,Top result: AI Market Growth | Category: business | Similarity score: 0.1346
1,record_55,0.5545467138290405,0.4454532861709595,Title: Climate Policy Shift | Content: Climate Policy Shift | Category: politics | Document type: excel | Source: ap | Language: unknown,23.0,Climate Policy Shift,unknown,politics,3.0,ap,excel,2026,20,"Which 2026 records discuss climate, energy, or policy?",climate energy policy regulation,Top result: Climate Policy Shift | Category: politics | Similarity score: 0.4455
2,record_61,0.8705679178237915,0.1294320821762085,Title: Inflation Briefing | Content: Inflation Briefing | Category: business | Document type: excel | Source: al jazeera | Language: unknown,22.0,Inflation Briefing,unknown,business,2.0,al jazeera,excel,2026,18,"Which 2026 records discuss climate, energy, or policy?",climate energy policy regulation,Top result: Climate Policy Shift | Category: politics | Similarity score: 0.1294
3,record_56,0.9507505297660828,0.049249470233917236,Title: Café Culture Trends | Content: Café Culture Trends | Category: culture | Document type: excel | Source: le monde | Language: unknown,14.0,Café Culture Trends,unknown,culture,6.0,le monde,excel,2026,19,"Which 2026 records discuss climate, energy, or policy?",climate energy policy regulation,Top result: Climate Policy Shift | Category: politics | Similarity score: 0.0492
