rank,id,distance,similarity_score,document,content_length,document_type,title,category,language,year,rating_score,source_name,popularity,query
1,record_53,0.4859120845794678,0.5140879154205322,Title: AI Market Growth | Content: AI Market Growth | Category: business | Document type: excel | Source: reuters | Language: unknown,16,excel,AI Market Growth,business,unknown,2026,7.0,reuters,28.0,artificial intelligence and technology markets
2,record_148,0.5309683084487915,0.4690316915512085,"Title: Commentary: AI drives global tech layoffs, but Intel, QNAP, and Realtek tell different stories | Content: Generative AI is moving from concept to commercial deployment, reshaping the global technology supply chain. It is shifting from a productivity tool to a core enterprise infrastructure. At the same time, layoffs are accelerating across Silicon Valley tech fir… | Category: json | Document type: json | Source: digitimes | Language: unknown",260,json,"Commentary: AI drives global tech layoffs, but Intel, QNAP, and Realtek tell different stories",json,unknown,0,2.6,digitimes,260.0,artificial intelligence and technology markets
3,record_17,0.5613131523132324,0.4386868476867676,"Title: Global Market | Nikkei jumps nearly 2% as AI, chip stocks rally | Content: Japan's Nikkei index surged on Wednesday, driven by technology stocks. Investors eased worries about rising oil prices, boosting market sentiment. Advantest and SoftBank Group saw significant gains. Shipping firm Mitsui OSK Lines and Mitsubishi Materials also… | Category: news_api | Document type: news_api | Source: the times of india | Language: unknown",260,news_api,"Global Market | Nikkei jumps nearly 2% as AI, chip stocks rally",news_api,unknown,0,2.6,the times of india,260.0,artificial intelligence and technology markets
1,record_55,0.5027937889099121,0.4972062110900879,Title: Climate Policy Shift | Content: Climate Policy Shift | Category: politics | Document type: excel | Source: ap | Language: unknown,20,excel,Climate Policy Shift,politics,unknown,2026,3.0,ap,23.0,climate policy and energy
2,record_15,0.5294288396835327,0.4705711603164673,"Title: A New Study Challenges the Climate Establishment’s Key Warming Metric | Content: For years the public has been told that the science of climate change is settled. Governments, media outlets, and international organizations frequently assert that the evidence for dangerous planetary warming is overwhelming. Yet one of the most important me… | Category: news_api | Document type: news_api | Source: globalresearch.ca | Language: unknown",260,news_api,A New Study Challenges the Climate Establishment’s Key Warming Metric,news_api,unknown,0,2.6,globalresearch.ca,260.0,climate policy and energy
3,record_443,0.6321329474449158,0.36786705255508423,"Title: India no longer interested in hosting COP33 climate event in 2028 | Content: COP, or Conference of Parties, is the annual meeting of the signatories to the 1994 UN Framework Convention on Climate Change (UNFCCC). | Category: json | Document type: json | Source: the indian express | Language: unknown",135,json,India no longer interested in hosting COP33 climate event in 2028,json,unknown,0,1.35,the indian express,135.0,climate policy and energy
1,record_60,0.5630111694335938,0.43698883056640625,Title: Weekend Match Buzz | Content: Weekend Match Buzz | Category: sports | Document type: excel | Source: espn | Language: unknown,18,excel,Weekend Match Buzz,sports,unknown,2026,7.0,espn,31.0,sports championship results
2,record_54,0.5856783986091614,0.4143216013908386,Title: Sports Highlights | Content: Sports Highlights | Category: sports | Document type: excel | Source: cnn | Language: unknown,17,excel,Sports Highlights,sports,unknown,2026,5.0,cnn,19.0,sports championship results
3,record_13,0.7431043386459351,0.25689566135406494,Title: NZ Dairy Industry Awards 2026: Olivia Sutton and Craig Dobbe win Auckland Hauraki share farmer title | Content: The 2026 Auckland/Hauraki Dairy Industry Awards winners have been announced. | Category: news_api | Document type: news_api | Source: new zealand herald | Language: unknown,76,news_api,NZ Dairy Industry Awards 2026: Olivia Sutton and Craig Dobbe win Auckland Hauraki share farmer title,news_api,unknown,0,0.76,new zealand herald,76.0,sports championship results
