record_id,title,content_text,category,document_type
52,Election Update,Election Update,Politics,excel
53,AI Market Growth,AI Market Growth,Business,excel
54,Sports Highlights,Sports Highlights,Sports,excel
55,Climate Policy Shift,Climate Policy Shift,Politics,excel
56,Café Culture Trends,Café Culture Trends,Culture,excel
57,München Startup Round,München Startup Round,Technology,excel
58,Žurnal Election Pulse,Žurnal Election Pulse,Politics,excel
59,Streaming Rights Watch,Streaming Rights Watch,Business,excel
60,Weekend Match Buzz,Weekend Match Buzz,Sports,excel
61,Inflation Briefing,Inflation Briefing,Business,excel
62,Untitled record,Untitled record,excel_summary,excel_summary
84,Election Update,Election Update,Politics,excel
85,AI Market Growth,AI Market Growth,Business,excel
86,Sports Highlights,Sports Highlights,Sports,excel
87,Climate Policy Shift,Climate Policy Shift,Politics,excel
88,Café Culture Trends,Café Culture Trends,Culture,excel
89,München Startup Round,München Startup Round,Technology,excel
90,Žurnal Election Pulse,Žurnal Election Pulse,Politics,excel
91,Streaming Rights Watch,Streaming Rights Watch,Business,excel
92,Weekend Match Buzz,Weekend Match Buzz,Sports,excel
93,Inflation Briefing,Inflation Briefing,Business,excel
94,Untitled record,Untitled record,excel_summary,excel_summary
124,Election Update,Election Update,Politics,excel
125,AI Market Growth,AI Market Growth,Business,excel
126,Sports Highlights,Sports Highlights,Sports,excel
127,Climate Policy Shift,Climate Policy Shift,Politics,excel
128,Café Culture Trends,Café Culture Trends,Culture,excel
129,München Startup Round,München Startup Round,Technology,excel
130,Žurnal Election Pulse,Žurnal Election Pulse,Politics,excel
131,Streaming Rights Watch,Streaming Rights Watch,Business,excel
132,Weekend Match Buzz,Weekend Match Buzz,Sports,excel
133,Inflation Briefing,Inflation Briefing,Business,excel
134,Untitled record,Untitled record,excel_summary,excel_summary
164,Election Update,Election Update,Politics,excel
165,AI Market Growth,AI Market Growth,Business,excel
166,Sports Highlights,Sports Highlights,Sports,excel
167,Climate Policy Shift,Climate Policy Shift,Politics,excel
168,Café Culture Trends,Café Culture Trends,Culture,excel
169,München Startup Round,München Startup Round,Technology,excel
170,Žurnal Election Pulse,Žurnal Election Pulse,Politics,excel
171,Streaming Rights Watch,Streaming Rights Watch,Business,excel
172,Weekend Match Buzz,Weekend Match Buzz,Sports,excel
173,Inflation Briefing,Inflation Briefing,Business,excel
174,Untitled record,Untitled record,excel_summary,excel_summary
189,"Student Asked His Tech Savvy Friend To Permanently Disable A School Chromebook Before Teachers Could Inspect It, So The Friend Used The Opportunity To Settle An Old Score And Fried The Laptop Completely",Revenge is a dish best served fried.,json,json
205,Election Update,Election Update,Politics,excel
206,AI Market Growth,AI Market Growth,Business,excel
207,Sports Highlights,Sports Highlights,Sports,excel
208,Climate Policy Shift,Climate Policy Shift,Politics,excel
209,Café Culture Trends,Café Culture Trends,Culture,excel
210,München Startup Round,München Startup Round,Technology,excel
211,Žurnal Election Pulse,Žurnal Election Pulse,Politics,excel
212,Streaming Rights Watch,Streaming Rights Watch,Business,excel
213,Weekend Match Buzz,Weekend Match Buzz,Sports,excel
214,Inflation Briefing,Inflation Briefing,Business,excel
215,Untitled record,Untitled record,excel_summary,excel_summary
217,Untitled record,Untitled record,scraped_html,scraped_html
218,Untitled record,Untitled record,scraped_html,scraped_html
219,Untitled record,Untitled record,scraped_html,scraped_html
220,Untitled record,Untitled record,scraped_html,scraped_html
221,Untitled record,Untitled record,scraped_html,scraped_html
222,Untitled record,Untitled record,scraped_html,scraped_html
223,Untitled record,Untitled record,scraped_html,scraped_html
224,Untitled record,Untitled record,scraped_html,scraped_html
225,Untitled record,Untitled record,scraped_html,scraped_html
226,Untitled record,Untitled record,scraped_html,scraped_html
227,Untitled record,Untitled record,scraped_html,scraped_html
228,Untitled record,Untitled record,scraped_html,scraped_html
229,Untitled record,Untitled record,scraped_html,scraped_html
230,Untitled record,Untitled record,scraped_html,scraped_html
231,Untitled record,Untitled record,scraped_html,scraped_html
232,Untitled record,Untitled record,scraped_html,scraped_html
233,Untitled record,Untitled record,scraped_html,scraped_html
234,Untitled record,Untitled record,scraped_html,scraped_html
235,Untitled record,Untitled record,scraped_html,scraped_html
236,Untitled record,Untitled record,scraped_html,scraped_html
237,Untitled record,Untitled record,scraped_html,scraped_html
238,Untitled record,Untitled record,scraped_html,scraped_html
239,Untitled record,Untitled record,scraped_html,scraped_html
240,Untitled record,Untitled record,scraped_html,scraped_html
241,Untitled record,Untitled record,scraped_html,scraped_html
242,Untitled record,Untitled record,scraped_html_paginated,scraped_html_paginated
243,Untitled record,Untitled record,scraped_html_paginated,scraped_html_paginated
244,Untitled record,Untitled record,scraped_html_paginated,scraped_html_paginated
245,Untitled record,Untitled record,scraped_html_paginated,scraped_html_paginated
246,Untitled record,Untitled record,scraped_html_paginated,scraped_html_paginated
247,Untitled record,Untitled record,scraped_html_paginated,scraped_html_paginated
248,Untitled record,Untitled record,scraped_html_paginated,scraped_html_paginated
249,Untitled record,Untitled record,scraped_html_paginated,scraped_html_paginated
250,Untitled record,Untitled record,scraped_html_paginated,scraped_html_paginated
251,Untitled record,Untitled record,scraped_html_paginated,scraped_html_paginated
252,Untitled record,Untitled record,scraped_html_paginated,scraped_html_paginated
253,Untitled record,Untitled record,scraped_html_paginated,scraped_html_paginated
254,Untitled record,Untitled record,scraped_html_paginated,scraped_html_paginated
255,Untitled record,Untitled record,scraped_html_paginated,scraped_html_paginated
256,Untitled record,Untitled record,scraped_html_paginated,scraped_html_paginated
257,Untitled record,Untitled record,scraped_html_paginated,scraped_html_paginated
258,Untitled record,Untitled record,scraped_html_paginated,scraped_html_paginated
259,Untitled record,Untitled record,scraped_html_paginated,scraped_html_paginated
260,Untitled record,Untitled record,scraped_html_paginated,scraped_html_paginated
261,Untitled record,Untitled record,scraped_html_paginated,scraped_html_paginated
262,Untitled record,Untitled record,scraped_html_paginated,scraped_html_paginated
263,Untitled record,Untitled record,scraped_html_paginated,scraped_html_paginated
264,Untitled record,Untitled record,scraped_html_paginated,scraped_html_paginated
265,Untitled record,Untitled record,scraped_html_paginated,scraped_html_paginated
266,Untitled record,Untitled record,scraped_html_paginated,scraped_html_paginated
267,Untitled record,Untitled record,scraped_html_paginated,scraped_html_paginated
268,Untitled record,Untitled record,scraped_html_paginated,scraped_html_paginated
269,Untitled record,Untitled record,scraped_html_paginated,scraped_html_paginated
270,Untitled record,Untitled record,scraped_html_paginated,scraped_html_paginated
271,Untitled record,Untitled record,scraped_html_paginated,scraped_html_paginated
272,Untitled record,Untitled record,scraped_html_paginated,scraped_html_paginated
273,Untitled record,Untitled record,scraped_html_paginated,scraped_html_paginated
274,Untitled record,Untitled record,scraped_html_paginated,scraped_html_paginated
275,Untitled record,Untitled record,scraped_html_paginated,scraped_html_paginated
276,Untitled record,Untitled record,scraped_html_paginated,scraped_html_paginated
277,Untitled record,Untitled record,scraped_html_paginated,scraped_html_paginated
278,Untitled record,Untitled record,scraped_html_paginated,scraped_html_paginated
279,Untitled record,Untitled record,scraped_html_paginated,scraped_html_paginated
280,Untitled record,Untitled record,scraped_html_paginated,scraped_html_paginated
281,Untitled record,Untitled record,scraped_html_paginated,scraped_html_paginated
282,Untitled record,Untitled record,scraped_html_paginated,scraped_html_paginated
283,Untitled record,Untitled record,scraped_html_paginated,scraped_html_paginated
284,Untitled record,Untitled record,scraped_html_paginated,scraped_html_paginated
285,Untitled record,Untitled record,scraped_html_paginated,scraped_html_paginated
286,Untitled record,Untitled record,scraped_html_paginated,scraped_html_paginated
287,Untitled record,Untitled record,scraped_html_paginated,scraped_html_paginated
288,Untitled record,Untitled record,scraped_html_paginated,scraped_html_paginated
289,Untitled record,Untitled record,scraped_html_paginated,scraped_html_paginated
290,Untitled record,Untitled record,scraped_html_paginated,scraped_html_paginated
291,Untitled record,Untitled record,scraped_html_paginated,scraped_html_paginated
292,Untitled record,Untitled record,scraped_html_paginated,scraped_html_paginated
293,Untitled record,Untitled record,scraped_html_paginated,scraped_html_paginated
294,Untitled record,Untitled record,scraped_html_paginated,scraped_html_paginated
295,Untitled record,Untitled record,scraped_html_paginated,scraped_html_paginated
296,Untitled record,Untitled record,scraped_html_paginated,scraped_html_paginated
297,Untitled record,Untitled record,scraped_html_paginated,scraped_html_paginated
298,Untitled record,Untitled record,scraped_html_paginated,scraped_html_paginated
299,Untitled record,Untitled record,scraped_html_paginated,scraped_html_paginated
300,Untitled record,Untitled record,scraped_html_paginated,scraped_html_paginated
301,Untitled record,Untitled record,scraped_html_paginated,scraped_html_paginated
302,Untitled record,Untitled record,scraped_html_paginated,scraped_html_paginated
303,Untitled record,Untitled record,scraped_html_paginated,scraped_html_paginated
304,Untitled record,Untitled record,scraped_html_paginated,scraped_html_paginated
305,Untitled record,Untitled record,scraped_html_paginated,scraped_html_paginated
306,Untitled record,Untitled record,scraped_html_paginated,scraped_html_paginated
307,Untitled record,Untitled record,scraped_html_paginated,scraped_html_paginated
308,Untitled record,Untitled record,scraped_html_paginated,scraped_html_paginated
309,Untitled record,Untitled record,scraped_html_paginated,scraped_html_paginated
310,Untitled record,Untitled record,scraped_html_paginated,scraped_html_paginated
311,Untitled record,Untitled record,scraped_html_paginated,scraped_html_paginated
312,Untitled record,Untitled record,scraped_html_paginated,scraped_html_paginated
313,Untitled record,Untitled record,scraped_html_paginated,scraped_html_paginated
314,Untitled record,Untitled record,scraped_html_paginated,scraped_html_paginated
315,Untitled record,Untitled record,scraped_html_paginated,scraped_html_paginated
316,Untitled record,Untitled record,scraped_html_paginated,scraped_html_paginated
317,Untitled record,Untitled record,scraped_html_paginated,scraped_html_paginated
318,Untitled record,Untitled record,scraped_html_paginated,scraped_html_paginated
319,Untitled record,Untitled record,scraped_html_paginated,scraped_html_paginated
320,Untitled record,Untitled record,scraped_html_paginated,scraped_html_paginated
321,Untitled record,Untitled record,scraped_html_paginated,scraped_html_paginated
322,Untitled record,Untitled record,scraped_html_paginated,scraped_html_paginated
323,Untitled record,Untitled record,scraped_html_paginated,scraped_html_paginated
324,Untitled record,Untitled record,scraped_html_paginated,scraped_html_paginated
325,Untitled record,Untitled record,scraped_html_paginated,scraped_html_paginated
326,Untitled record,Untitled record,scraped_html_paginated,scraped_html_paginated
327,Untitled record,Untitled record,scraped_html_paginated,scraped_html_paginated
328,Untitled record,Untitled record,scraped_html_paginated,scraped_html_paginated
329,Untitled record,Untitled record,scraped_html_paginated,scraped_html_paginated
330,Untitled record,Untitled record,scraped_html_paginated,scraped_html_paginated
331,Untitled record,Untitled record,scraped_html_paginated,scraped_html_paginated
332,Untitled record,Untitled record,scraped_html_paginated,scraped_html_paginated
333,Untitled record,Untitled record,scraped_html_paginated,scraped_html_paginated
334,Untitled record,Untitled record,scraped_html_paginated,scraped_html_paginated
335,Untitled record,Untitled record,scraped_html_paginated,scraped_html_paginated
336,Untitled record,Untitled record,scraped_html_paginated,scraped_html_paginated
337,Untitled record,Untitled record,scraped_html_paginated,scraped_html_paginated
338,Untitled record,Untitled record,scraped_html_paginated,scraped_html_paginated
339,Untitled record,Untitled record,scraped_html_paginated,scraped_html_paginated
340,Untitled record,Untitled record,scraped_html_paginated,scraped_html_paginated
341,Untitled record,Untitled record,scraped_html_paginated,scraped_html_paginated
342,The King's Speech,The King's Speech,scraped_json_api,scraped_json_api
343,Inception,Inception,scraped_json_api,scraped_json_api
344,The Social Network,The Social Network,scraped_json_api,scraped_json_api
345,The Fighter,The Fighter,scraped_json_api,scraped_json_api
346,Toy Story 3,Toy Story 3,scraped_json_api,scraped_json_api
347,Alice in Wonderland,Alice in Wonderland,scraped_json_api,scraped_json_api
348,Black Swan,Black Swan,scraped_json_api,scraped_json_api
349,In a Better World,In a Better World,scraped_json_api,scraped_json_api
350,The Lost Thing,The Lost Thing,scraped_json_api,scraped_json_api
351,God of Love,God of Love,scraped_json_api,scraped_json_api
352,The Wolfman,The Wolfman,scraped_json_api,scraped_json_api
353,Strangers No More,Strangers No More,scraped_json_api,scraped_json_api
354,Inside Job,Inside Job,scraped_json_api,scraped_json_api
355,The Artist,The Artist,scraped_json_api,scraped_json_api
356,Hugo,Hugo,scraped_json_api,scraped_json_api
357,The Iron Lady,The Iron Lady,scraped_json_api,scraped_json_api
358,The Descendants,The Descendants,scraped_json_api,scraped_json_api
359,The Girl with the Dragon Tattoo,The Girl with the Dragon Tattoo,scraped_json_api,scraped_json_api
360,Midnight in Paris,Midnight in Paris,scraped_json_api,scraped_json_api
361,The Help,The Help,scraped_json_api,scraped_json_api
362,A Separation,A Separation,scraped_json_api,scraped_json_api
364,The Shore,The Shore,scraped_json_api,scraped_json_api
365,Undefeated,Undefeated,scraped_json_api,scraped_json_api
366,The Muppets,The Muppets,scraped_json_api,scraped_json_api
367,Saving Face,Saving Face,scraped_json_api,scraped_json_api
368,Beginners,Beginners,scraped_json_api,scraped_json_api
369,Rango,Rango,scraped_json_api,scraped_json_api
370,Argo,Argo,scraped_json_api,scraped_json_api
371,Life of Pi,Life of Pi,scraped_json_api,scraped_json_api
372,Les Misérables,Les Misérables,scraped_json_api,scraped_json_api
373,Lincoln,Lincoln,scraped_json_api,scraped_json_api
374,Django Unchained,Django Unchained,scraped_json_api,scraped_json_api
375,Skyfall,Skyfall,scraped_json_api,scraped_json_api
376,Silver Linings Playbook,Silver Linings Playbook,scraped_json_api,scraped_json_api
377,Zero Dark Thirty,Zero Dark Thirty,scraped_json_api,scraped_json_api
378,Amour,Amour,scraped_json_api,scraped_json_api
379,Anna Karenina,Anna Karenina,scraped_json_api,scraped_json_api
380,Paperman,Paperman,scraped_json_api,scraped_json_api
381,Brave,Brave,scraped_json_api,scraped_json_api
382,Searching for Sugar Man,Searching for Sugar Man,scraped_json_api,scraped_json_api
383,Inocente,Inocente,scraped_json_api,scraped_json_api
384,Curfew,Curfew,scraped_json_api,scraped_json_api
385,12 Years a Slave,12 Years a Slave,scraped_json_api,scraped_json_api
386,Gravity,Gravity,scraped_json_api,scraped_json_api
387,Dallas Buyers Club,Dallas Buyers Club,scraped_json_api,scraped_json_api
388,Frozen,Frozen,scraped_json_api,scraped_json_api
389,The Great Gatsby,The Great Gatsby,scraped_json_api,scraped_json_api
390,Her,Her,scraped_json_api,scraped_json_api
391,Blue Jasmine,Blue Jasmine,scraped_json_api,scraped_json_api
392,Mr Hublot,Mr Hublot,scraped_json_api,scraped_json_api
394,Helium,Helium,scraped_json_api,scraped_json_api
395,The Great Beauty,The Great Beauty,scraped_json_api,scraped_json_api
396,20 Feet from Stardom,20 Feet from Stardom,scraped_json_api,scraped_json_api
397,Birdman,Birdman,scraped_json_api,scraped_json_api
398,The Grand Budapest Hotel,The Grand Budapest Hotel,scraped_json_api,scraped_json_api
399,Whiplash,Whiplash,scraped_json_api,scraped_json_api
400,The Imitation Game,The Imitation Game,scraped_json_api,scraped_json_api
401,American Sniper,American Sniper,scraped_json_api,scraped_json_api
402,Boyhood,Boyhood,scraped_json_api,scraped_json_api
403,Interstellar,Interstellar,scraped_json_api,scraped_json_api
404,The Theory of Everything,The Theory of Everything,scraped_json_api,scraped_json_api
405,Ida,Ida,scraped_json_api,scraped_json_api
406,Selma,Selma,scraped_json_api,scraped_json_api
407,Citizenfour,Citizenfour,scraped_json_api,scraped_json_api
408,Big Hero 6,Big Hero 6,scraped_json_api,scraped_json_api
409,Crisis Hotline: Veterans Press 1,Crisis Hotline: Veterans Press 1,scraped_json_api,scraped_json_api
410,The Phone Call,The Phone Call,scraped_json_api,scraped_json_api
411,Still Alice,Still Alice,scraped_json_api,scraped_json_api
412,Feast,Feast,scraped_json_api,scraped_json_api
413,Spotlight  ,Spotlight  ,scraped_json_api,scraped_json_api
414,Mad Max: Fury Road ,Mad Max: Fury Road ,scraped_json_api,scraped_json_api
415,The Revenant   ,The Revenant   ,scraped_json_api,scraped_json_api
416,Bridge of Spies,Bridge of Spies,scraped_json_api,scraped_json_api
417,The Big Short  ,The Big Short  ,scraped_json_api,scraped_json_api
418,The Danish Girl,The Danish Girl,scraped_json_api,scraped_json_api
419,Room   ,Room   ,scraped_json_api,scraped_json_api
420,Ex Machina ,Ex Machina ,scraped_json_api,scraped_json_api
421,The Hateful Eight  ,The Hateful Eight  ,scraped_json_api,scraped_json_api
422,Inside Out ,Inside Out ,scraped_json_api,scraped_json_api
423,Amy,Amy,scraped_json_api,scraped_json_api
424,Bear Story ,Bear Story ,scraped_json_api,scraped_json_api
426,Son of Saul,Son of Saul,scraped_json_api,scraped_json_api
427,Spectre,Spectre,scraped_json_api,scraped_json_api
428,Stutterer  ,Stutterer  ,scraped_json_api,scraped_json_api
461,Election Update,Election Update,Politics,excel
462,AI Market Growth,AI Market Growth,Business,excel
463,Sports Highlights,Sports Highlights,Sports,excel
464,Climate Policy Shift,Climate Policy Shift,Politics,excel
465,Café Culture Trends,Café Culture Trends,Culture,excel
466,München Startup Round,München Startup Round,Technology,excel
467,Žurnal Election Pulse,Žurnal Election Pulse,Politics,excel
468,Streaming Rights Watch,Streaming Rights Watch,Business,excel
469,Weekend Match Buzz,Weekend Match Buzz,Sports,excel
470,Inflation Briefing,Inflation Briefing,Business,excel
471,Untitled record,Untitled record,excel_summary,excel_summary
473,Untitled record,Untitled record,scraped_html,scraped_html
474,Untitled record,Untitled record,scraped_html,scraped_html
475,Untitled record,Untitled record,scraped_html,scraped_html
476,Untitled record,Untitled record,scraped_html,scraped_html
477,Untitled record,Untitled record,scraped_html,scraped_html
478,Untitled record,Untitled record,scraped_html,scraped_html
479,Untitled record,Untitled record,scraped_html,scraped_html
480,Untitled record,Untitled record,scraped_html,scraped_html
481,Untitled record,Untitled record,scraped_html,scraped_html
482,Untitled record,Untitled record,scraped_html,scraped_html
483,Untitled record,Untitled record,scraped_html,scraped_html
484,Untitled record,Untitled record,scraped_html,scraped_html
485,Untitled record,Untitled record,scraped_html,scraped_html
486,Untitled record,Untitled record,scraped_html,scraped_html
487,Untitled record,Untitled record,scraped_html,scraped_html
488,Untitled record,Untitled record,scraped_html,scraped_html
489,Untitled record,Untitled record,scraped_html,scraped_html
490,Untitled record,Untitled record,scraped_html,scraped_html
491,Untitled record,Untitled record,scraped_html,scraped_html
492,Untitled record,Untitled record,scraped_html,scraped_html
493,Untitled record,Untitled record,scraped_html,scraped_html
494,Untitled record,Untitled record,scraped_html,scraped_html
495,Untitled record,Untitled record,scraped_html,scraped_html
496,Untitled record,Untitled record,scraped_html,scraped_html
497,Untitled record,Untitled record,scraped_html,scraped_html
498,Untitled record,Untitled record,scraped_html_paginated,scraped_html_paginated
499,Untitled record,Untitled record,scraped_html_paginated,scraped_html_paginated
500,Untitled record,Untitled record,scraped_html_paginated,scraped_html_paginated
501,Untitled record,Untitled record,scraped_html_paginated,scraped_html_paginated
502,Untitled record,Untitled record,scraped_html_paginated,scraped_html_paginated
503,Untitled record,Untitled record,scraped_html_paginated,scraped_html_paginated
504,Untitled record,Untitled record,scraped_html_paginated,scraped_html_paginated
505,Untitled record,Untitled record,scraped_html_paginated,scraped_html_paginated
506,Untitled record,Untitled record,scraped_html_paginated,scraped_html_paginated
507,Untitled record,Untitled record,scraped_html_paginated,scraped_html_paginated
508,Untitled record,Untitled record,scraped_html_paginated,scraped_html_paginated
509,Untitled record,Untitled record,scraped_html_paginated,scraped_html_paginated
510,Untitled record,Untitled record,scraped_html_paginated,scraped_html_paginated
511,Untitled record,Untitled record,scraped_html_paginated,scraped_html_paginated
512,Untitled record,Untitled record,scraped_html_paginated,scraped_html_paginated
513,Untitled record,Untitled record,scraped_html_paginated,scraped_html_paginated
514,Untitled record,Untitled record,scraped_html_paginated,scraped_html_paginated
515,Untitled record,Untitled record,scraped_html_paginated,scraped_html_paginated
516,Untitled record,Untitled record,scraped_html_paginated,scraped_html_paginated
517,Untitled record,Untitled record,scraped_html_paginated,scraped_html_paginated
518,Untitled record,Untitled record,scraped_html_paginated,scraped_html_paginated
519,Untitled record,Untitled record,scraped_html_paginated,scraped_html_paginated
520,Untitled record,Untitled record,scraped_html_paginated,scraped_html_paginated
521,Untitled record,Untitled record,scraped_html_paginated,scraped_html_paginated
522,Untitled record,Untitled record,scraped_html_paginated,scraped_html_paginated
523,Untitled record,Untitled record,scraped_html_paginated,scraped_html_paginated
524,Untitled record,Untitled record,scraped_html_paginated,scraped_html_paginated
525,Untitled record,Untitled record,scraped_html_paginated,scraped_html_paginated
526,Untitled record,Untitled record,scraped_html_paginated,scraped_html_paginated
527,Untitled record,Untitled record,scraped_html_paginated,scraped_html_paginated
528,Untitled record,Untitled record,scraped_html_paginated,scraped_html_paginated
529,Untitled record,Untitled record,scraped_html_paginated,scraped_html_paginated
530,Untitled record,Untitled record,scraped_html_paginated,scraped_html_paginated
531,Untitled record,Untitled record,scraped_html_paginated,scraped_html_paginated
532,Untitled record,Untitled record,scraped_html_paginated,scraped_html_paginated
533,Untitled record,Untitled record,scraped_html_paginated,scraped_html_paginated
534,Untitled record,Untitled record,scraped_html_paginated,scraped_html_paginated
535,Untitled record,Untitled record,scraped_html_paginated,scraped_html_paginated
536,Untitled record,Untitled record,scraped_html_paginated,scraped_html_paginated
537,Untitled record,Untitled record,scraped_html_paginated,scraped_html_paginated
538,Untitled record,Untitled record,scraped_html_paginated,scraped_html_paginated
539,Untitled record,Untitled record,scraped_html_paginated,scraped_html_paginated
540,Untitled record,Untitled record,scraped_html_paginated,scraped_html_paginated
541,Untitled record,Untitled record,scraped_html_paginated,scraped_html_paginated
542,Untitled record,Untitled record,scraped_html_paginated,scraped_html_paginated
543,Untitled record,Untitled record,scraped_html_paginated,scraped_html_paginated
544,Untitled record,Untitled record,scraped_html_paginated,scraped_html_paginated
545,Untitled record,Untitled record,scraped_html_paginated,scraped_html_paginated
546,Untitled record,Untitled record,scraped_html_paginated,scraped_html_paginated
547,Untitled record,Untitled record,scraped_html_paginated,scraped_html_paginated
548,Untitled record,Untitled record,scraped_html_paginated,scraped_html_paginated
549,Untitled record,Untitled record,scraped_html_paginated,scraped_html_paginated
550,Untitled record,Untitled record,scraped_html_paginated,scraped_html_paginated
551,Untitled record,Untitled record,scraped_html_paginated,scraped_html_paginated
552,Untitled record,Untitled record,scraped_html_paginated,scraped_html_paginated
553,Untitled record,Untitled record,scraped_html_paginated,scraped_html_paginated
554,Untitled record,Untitled record,scraped_html_paginated,scraped_html_paginated
555,Untitled record,Untitled record,scraped_html_paginated,scraped_html_paginated
556,Untitled record,Untitled record,scraped_html_paginated,scraped_html_paginated
557,Untitled record,Untitled record,scraped_html_paginated,scraped_html_paginated
558,Untitled record,Untitled record,scraped_html_paginated,scraped_html_paginated
559,Untitled record,Untitled record,scraped_html_paginated,scraped_html_paginated
560,Untitled record,Untitled record,scraped_html_paginated,scraped_html_paginated
561,Untitled record,Untitled record,scraped_html_paginated,scraped_html_paginated
562,Untitled record,Untitled record,scraped_html_paginated,scraped_html_paginated
563,Untitled record,Untitled record,scraped_html_paginated,scraped_html_paginated
564,Untitled record,Untitled record,scraped_html_paginated,scraped_html_paginated
565,Untitled record,Untitled record,scraped_html_paginated,scraped_html_paginated
566,Untitled record,Untitled record,scraped_html_paginated,scraped_html_paginated
567,Untitled record,Untitled record,scraped_html_paginated,scraped_html_paginated
568,Untitled record,Untitled record,scraped_html_paginated,scraped_html_paginated
569,Untitled record,Untitled record,scraped_html_paginated,scraped_html_paginated
570,Untitled record,Untitled record,scraped_html_paginated,scraped_html_paginated
571,Untitled record,Untitled record,scraped_html_paginated,scraped_html_paginated
572,Untitled record,Untitled record,scraped_html_paginated,scraped_html_paginated
573,Untitled record,Untitled record,scraped_html_paginated,scraped_html_paginated
574,Untitled record,Untitled record,scraped_html_paginated,scraped_html_paginated
575,Untitled record,Untitled record,scraped_html_paginated,scraped_html_paginated
576,Untitled record,Untitled record,scraped_html_paginated,scraped_html_paginated
577,Untitled record,Untitled record,scraped_html_paginated,scraped_html_paginated
578,Untitled record,Untitled record,scraped_html_paginated,scraped_html_paginated
579,Untitled record,Untitled record,scraped_html_paginated,scraped_html_paginated
580,Untitled record,Untitled record,scraped_html_paginated,scraped_html_paginated
581,Untitled record,Untitled record,scraped_html_paginated,scraped_html_paginated
582,Untitled record,Untitled record,scraped_html_paginated,scraped_html_paginated
583,Untitled record,Untitled record,scraped_html_paginated,scraped_html_paginated
584,Untitled record,Untitled record,scraped_html_paginated,scraped_html_paginated
585,Untitled record,Untitled record,scraped_html_paginated,scraped_html_paginated
586,Untitled record,Untitled record,scraped_html_paginated,scraped_html_paginated
587,Untitled record,Untitled record,scraped_html_paginated,scraped_html_paginated
588,Untitled record,Untitled record,scraped_html_paginated,scraped_html_paginated
589,Untitled record,Untitled record,scraped_html_paginated,scraped_html_paginated
590,Untitled record,Untitled record,scraped_html_paginated,scraped_html_paginated
591,Untitled record,Untitled record,scraped_html_paginated,scraped_html_paginated
592,Untitled record,Untitled record,scraped_html_paginated,scraped_html_paginated
593,Untitled record,Untitled record,scraped_html_paginated,scraped_html_paginated
594,Untitled record,Untitled record,scraped_html_paginated,scraped_html_paginated
595,Untitled record,Untitled record,scraped_html_paginated,scraped_html_paginated
596,Untitled record,Untitled record,scraped_html_paginated,scraped_html_paginated
597,Untitled record,Untitled record,scraped_html_paginated,scraped_html_paginated
598,The King's Speech,The King's Speech,scraped_json_api,scraped_json_api
599,Inception,Inception,scraped_json_api,scraped_json_api
600,The Social Network,The Social Network,scraped_json_api,scraped_json_api
601,The Fighter,The Fighter,scraped_json_api,scraped_json_api
602,Toy Story 3,Toy Story 3,scraped_json_api,scraped_json_api
603,Alice in Wonderland,Alice in Wonderland,scraped_json_api,scraped_json_api
604,Black Swan,Black Swan,scraped_json_api,scraped_json_api
605,In a Better World,In a Better World,scraped_json_api,scraped_json_api
606,The Lost Thing,The Lost Thing,scraped_json_api,scraped_json_api
607,God of Love,God of Love,scraped_json_api,scraped_json_api
608,The Wolfman,The Wolfman,scraped_json_api,scraped_json_api
609,Strangers No More,Strangers No More,scraped_json_api,scraped_json_api
610,Inside Job,Inside Job,scraped_json_api,scraped_json_api
611,The Artist,The Artist,scraped_json_api,scraped_json_api
612,Hugo,Hugo,scraped_json_api,scraped_json_api
613,The Iron Lady,The Iron Lady,scraped_json_api,scraped_json_api
614,The Descendants,The Descendants,scraped_json_api,scraped_json_api
615,The Girl with the Dragon Tattoo,The Girl with the Dragon Tattoo,scraped_json_api,scraped_json_api
616,Midnight in Paris,Midnight in Paris,scraped_json_api,scraped_json_api
617,The Help,The Help,scraped_json_api,scraped_json_api
618,A Separation,A Separation,scraped_json_api,scraped_json_api
620,The Shore,The Shore,scraped_json_api,scraped_json_api
621,Undefeated,Undefeated,scraped_json_api,scraped_json_api
622,The Muppets,The Muppets,scraped_json_api,scraped_json_api
623,Saving Face,Saving Face,scraped_json_api,scraped_json_api
624,Beginners,Beginners,scraped_json_api,scraped_json_api
625,Rango,Rango,scraped_json_api,scraped_json_api
626,Argo,Argo,scraped_json_api,scraped_json_api
627,Life of Pi,Life of Pi,scraped_json_api,scraped_json_api
628,Les Misérables,Les Misérables,scraped_json_api,scraped_json_api
629,Lincoln,Lincoln,scraped_json_api,scraped_json_api
630,Django Unchained,Django Unchained,scraped_json_api,scraped_json_api
631,Skyfall,Skyfall,scraped_json_api,scraped_json_api
632,Silver Linings Playbook,Silver Linings Playbook,scraped_json_api,scraped_json_api
633,Zero Dark Thirty,Zero Dark Thirty,scraped_json_api,scraped_json_api
634,Amour,Amour,scraped_json_api,scraped_json_api
635,Anna Karenina,Anna Karenina,scraped_json_api,scraped_json_api
636,Paperman,Paperman,scraped_json_api,scraped_json_api
637,Brave,Brave,scraped_json_api,scraped_json_api
638,Searching for Sugar Man,Searching for Sugar Man,scraped_json_api,scraped_json_api
639,Inocente,Inocente,scraped_json_api,scraped_json_api
640,Curfew,Curfew,scraped_json_api,scraped_json_api
641,12 Years a Slave,12 Years a Slave,scraped_json_api,scraped_json_api
642,Gravity,Gravity,scraped_json_api,scraped_json_api
643,Dallas Buyers Club,Dallas Buyers Club,scraped_json_api,scraped_json_api
644,Frozen,Frozen,scraped_json_api,scraped_json_api
645,The Great Gatsby,The Great Gatsby,scraped_json_api,scraped_json_api
646,Her,Her,scraped_json_api,scraped_json_api
647,Blue Jasmine,Blue Jasmine,scraped_json_api,scraped_json_api
648,Mr Hublot,Mr Hublot,scraped_json_api,scraped_json_api
650,Helium,Helium,scraped_json_api,scraped_json_api
651,The Great Beauty,The Great Beauty,scraped_json_api,scraped_json_api
652,20 Feet from Stardom,20 Feet from Stardom,scraped_json_api,scraped_json_api
653,Birdman,Birdman,scraped_json_api,scraped_json_api
654,The Grand Budapest Hotel,The Grand Budapest Hotel,scraped_json_api,scraped_json_api
655,Whiplash,Whiplash,scraped_json_api,scraped_json_api
656,The Imitation Game,The Imitation Game,scraped_json_api,scraped_json_api
657,American Sniper,American Sniper,scraped_json_api,scraped_json_api
658,Boyhood,Boyhood,scraped_json_api,scraped_json_api
659,Interstellar,Interstellar,scraped_json_api,scraped_json_api
660,The Theory of Everything,The Theory of Everything,scraped_json_api,scraped_json_api
661,Ida,Ida,scraped_json_api,scraped_json_api
662,Selma,Selma,scraped_json_api,scraped_json_api
663,Citizenfour,Citizenfour,scraped_json_api,scraped_json_api
664,Big Hero 6,Big Hero 6,scraped_json_api,scraped_json_api
665,Crisis Hotline: Veterans Press 1,Crisis Hotline: Veterans Press 1,scraped_json_api,scraped_json_api
666,The Phone Call,The Phone Call,scraped_json_api,scraped_json_api
667,Still Alice,Still Alice,scraped_json_api,scraped_json_api
668,Feast,Feast,scraped_json_api,scraped_json_api
669,Spotlight  ,Spotlight  ,scraped_json_api,scraped_json_api
670,Mad Max: Fury Road ,Mad Max: Fury Road ,scraped_json_api,scraped_json_api
671,The Revenant   ,The Revenant   ,scraped_json_api,scraped_json_api
672,Bridge of Spies,Bridge of Spies,scraped_json_api,scraped_json_api
673,The Big Short  ,The Big Short  ,scraped_json_api,scraped_json_api
674,The Danish Girl,The Danish Girl,scraped_json_api,scraped_json_api
675,Room   ,Room   ,scraped_json_api,scraped_json_api
676,Ex Machina ,Ex Machina ,scraped_json_api,scraped_json_api
677,The Hateful Eight  ,The Hateful Eight  ,scraped_json_api,scraped_json_api
678,Inside Out ,Inside Out ,scraped_json_api,scraped_json_api
679,Amy,Amy,scraped_json_api,scraped_json_api
680,Bear Story ,Bear Story ,scraped_json_api,scraped_json_api
682,Son of Saul,Son of Saul,scraped_json_api,scraped_json_api
683,Spectre,Spectre,scraped_json_api,scraped_json_api
684,Stutterer  ,Stutterer  ,scraped_json_api,scraped_json_api
717,Election Update,Election Update,Politics,excel
718,AI Market Growth,AI Market Growth,Business,excel
719,Sports Highlights,Sports Highlights,Sports,excel
720,Climate Policy Shift,Climate Policy Shift,Politics,excel
721,Café Culture Trends,Café Culture Trends,Culture,excel
722,München Startup Round,München Startup Round,Technology,excel
723,Žurnal Election Pulse,Žurnal Election Pulse,Politics,excel
724,Streaming Rights Watch,Streaming Rights Watch,Business,excel
725,Weekend Match Buzz,Weekend Match Buzz,Sports,excel
726,Inflation Briefing,Inflation Briefing,Business,excel
727,Untitled record,Untitled record,excel_summary,excel_summary
729,Untitled record,Untitled record,scraped_html,scraped_html
730,Untitled record,Untitled record,scraped_html,scraped_html
731,Untitled record,Untitled record,scraped_html,scraped_html
732,Untitled record,Untitled record,scraped_html,scraped_html
733,Untitled record,Untitled record,scraped_html,scraped_html
734,Untitled record,Untitled record,scraped_html,scraped_html
735,Untitled record,Untitled record,scraped_html,scraped_html
736,Untitled record,Untitled record,scraped_html,scraped_html
737,Untitled record,Untitled record,scraped_html,scraped_html
738,Untitled record,Untitled record,scraped_html,scraped_html
739,Untitled record,Untitled record,scraped_html,scraped_html
740,Untitled record,Untitled record,scraped_html,scraped_html
741,Untitled record,Untitled record,scraped_html,scraped_html
742,Untitled record,Untitled record,scraped_html,scraped_html
743,Untitled record,Untitled record,scraped_html,scraped_html
744,Untitled record,Untitled record,scraped_html,scraped_html
745,Untitled record,Untitled record,scraped_html,scraped_html
746,Untitled record,Untitled record,scraped_html,scraped_html
747,Untitled record,Untitled record,scraped_html,scraped_html
748,Untitled record,Untitled record,scraped_html,scraped_html
749,Untitled record,Untitled record,scraped_html,scraped_html
750,Untitled record,Untitled record,scraped_html,scraped_html
751,Untitled record,Untitled record,scraped_html,scraped_html
752,Untitled record,Untitled record,scraped_html,scraped_html
753,Untitled record,Untitled record,scraped_html,scraped_html
754,Untitled record,Untitled record,scraped_html_paginated,scraped_html_paginated
755,Untitled record,Untitled record,scraped_html_paginated,scraped_html_paginated
756,Untitled record,Untitled record,scraped_html_paginated,scraped_html_paginated
757,Untitled record,Untitled record,scraped_html_paginated,scraped_html_paginated
758,Untitled record,Untitled record,scraped_html_paginated,scraped_html_paginated
759,Untitled record,Untitled record,scraped_html_paginated,scraped_html_paginated
760,Untitled record,Untitled record,scraped_html_paginated,scraped_html_paginated
761,Untitled record,Untitled record,scraped_html_paginated,scraped_html_paginated
762,Untitled record,Untitled record,scraped_html_paginated,scraped_html_paginated
763,Untitled record,Untitled record,scraped_html_paginated,scraped_html_paginated
764,Untitled record,Untitled record,scraped_html_paginated,scraped_html_paginated
765,Untitled record,Untitled record,scraped_html_paginated,scraped_html_paginated
766,Untitled record,Untitled record,scraped_html_paginated,scraped_html_paginated
767,Untitled record,Untitled record,scraped_html_paginated,scraped_html_paginated
768,Untitled record,Untitled record,scraped_html_paginated,scraped_html_paginated
769,Untitled record,Untitled record,scraped_html_paginated,scraped_html_paginated
770,Untitled record,Untitled record,scraped_html_paginated,scraped_html_paginated
771,Untitled record,Untitled record,scraped_html_paginated,scraped_html_paginated
772,Untitled record,Untitled record,scraped_html_paginated,scraped_html_paginated
773,Untitled record,Untitled record,scraped_html_paginated,scraped_html_paginated
774,Untitled record,Untitled record,scraped_html_paginated,scraped_html_paginated
775,Untitled record,Untitled record,scraped_html_paginated,scraped_html_paginated
776,Untitled record,Untitled record,scraped_html_paginated,scraped_html_paginated
777,Untitled record,Untitled record,scraped_html_paginated,scraped_html_paginated
778,Untitled record,Untitled record,scraped_html_paginated,scraped_html_paginated
779,Untitled record,Untitled record,scraped_html_paginated,scraped_html_paginated
780,Untitled record,Untitled record,scraped_html_paginated,scraped_html_paginated
781,Untitled record,Untitled record,scraped_html_paginated,scraped_html_paginated
782,Untitled record,Untitled record,scraped_html_paginated,scraped_html_paginated
783,Untitled record,Untitled record,scraped_html_paginated,scraped_html_paginated
784,Untitled record,Untitled record,scraped_html_paginated,scraped_html_paginated
785,Untitled record,Untitled record,scraped_html_paginated,scraped_html_paginated
786,Untitled record,Untitled record,scraped_html_paginated,scraped_html_paginated
787,Untitled record,Untitled record,scraped_html_paginated,scraped_html_paginated
788,Untitled record,Untitled record,scraped_html_paginated,scraped_html_paginated
789,Untitled record,Untitled record,scraped_html_paginated,scraped_html_paginated
790,Untitled record,Untitled record,scraped_html_paginated,scraped_html_paginated
791,Untitled record,Untitled record,scraped_html_paginated,scraped_html_paginated
792,Untitled record,Untitled record,scraped_html_paginated,scraped_html_paginated
793,Untitled record,Untitled record,scraped_html_paginated,scraped_html_paginated
794,Untitled record,Untitled record,scraped_html_paginated,scraped_html_paginated
795,Untitled record,Untitled record,scraped_html_paginated,scraped_html_paginated
796,Untitled record,Untitled record,scraped_html_paginated,scraped_html_paginated
797,Untitled record,Untitled record,scraped_html_paginated,scraped_html_paginated
798,Untitled record,Untitled record,scraped_html_paginated,scraped_html_paginated
799,Untitled record,Untitled record,scraped_html_paginated,scraped_html_paginated
800,Untitled record,Untitled record,scraped_html_paginated,scraped_html_paginated
801,Untitled record,Untitled record,scraped_html_paginated,scraped_html_paginated
802,Untitled record,Untitled record,scraped_html_paginated,scraped_html_paginated
803,Untitled record,Untitled record,scraped_html_paginated,scraped_html_paginated
804,Untitled record,Untitled record,scraped_html_paginated,scraped_html_paginated
805,Untitled record,Untitled record,scraped_html_paginated,scraped_html_paginated
806,Untitled record,Untitled record,scraped_html_paginated,scraped_html_paginated
807,Untitled record,Untitled record,scraped_html_paginated,scraped_html_paginated
808,Untitled record,Untitled record,scraped_html_paginated,scraped_html_paginated
809,Untitled record,Untitled record,scraped_html_paginated,scraped_html_paginated
810,Untitled record,Untitled record,scraped_html_paginated,scraped_html_paginated
811,Untitled record,Untitled record,scraped_html_paginated,scraped_html_paginated
812,Untitled record,Untitled record,scraped_html_paginated,scraped_html_paginated
813,Untitled record,Untitled record,scraped_html_paginated,scraped_html_paginated
814,Untitled record,Untitled record,scraped_html_paginated,scraped_html_paginated
815,Untitled record,Untitled record,scraped_html_paginated,scraped_html_paginated
816,Untitled record,Untitled record,scraped_html_paginated,scraped_html_paginated
817,Untitled record,Untitled record,scraped_html_paginated,scraped_html_paginated
818,Untitled record,Untitled record,scraped_html_paginated,scraped_html_paginated
819,Untitled record,Untitled record,scraped_html_paginated,scraped_html_paginated
820,Untitled record,Untitled record,scraped_html_paginated,scraped_html_paginated
821,Untitled record,Untitled record,scraped_html_paginated,scraped_html_paginated
822,Untitled record,Untitled record,scraped_html_paginated,scraped_html_paginated
823,Untitled record,Untitled record,scraped_html_paginated,scraped_html_paginated
824,Untitled record,Untitled record,scraped_html_paginated,scraped_html_paginated
825,Untitled record,Untitled record,scraped_html_paginated,scraped_html_paginated
826,Untitled record,Untitled record,scraped_html_paginated,scraped_html_paginated
827,Untitled record,Untitled record,scraped_html_paginated,scraped_html_paginated
828,Untitled record,Untitled record,scraped_html_paginated,scraped_html_paginated
829,Untitled record,Untitled record,scraped_html_paginated,scraped_html_paginated
830,Untitled record,Untitled record,scraped_html_paginated,scraped_html_paginated
831,Untitled record,Untitled record,scraped_html_paginated,scraped_html_paginated
832,Untitled record,Untitled record,scraped_html_paginated,scraped_html_paginated
833,Untitled record,Untitled record,scraped_html_paginated,scraped_html_paginated
834,Untitled record,Untitled record,scraped_html_paginated,scraped_html_paginated
835,Untitled record,Untitled record,scraped_html_paginated,scraped_html_paginated
836,Untitled record,Untitled record,scraped_html_paginated,scraped_html_paginated
837,Untitled record,Untitled record,scraped_html_paginated,scraped_html_paginated
838,Untitled record,Untitled record,scraped_html_paginated,scraped_html_paginated
839,Untitled record,Untitled record,scraped_html_paginated,scraped_html_paginated
840,Untitled record,Untitled record,scraped_html_paginated,scraped_html_paginated
841,Untitled record,Untitled record,scraped_html_paginated,scraped_html_paginated
842,Untitled record,Untitled record,scraped_html_paginated,scraped_html_paginated
843,Untitled record,Untitled record,scraped_html_paginated,scraped_html_paginated
844,Untitled record,Untitled record,scraped_html_paginated,scraped_html_paginated
845,Untitled record,Untitled record,scraped_html_paginated,scraped_html_paginated
846,Untitled record,Untitled record,scraped_html_paginated,scraped_html_paginated
847,Untitled record,Untitled record,scraped_html_paginated,scraped_html_paginated
848,Untitled record,Untitled record,scraped_html_paginated,scraped_html_paginated
849,Untitled record,Untitled record,scraped_html_paginated,scraped_html_paginated
850,Untitled record,Untitled record,scraped_html_paginated,scraped_html_paginated
851,Untitled record,Untitled record,scraped_html_paginated,scraped_html_paginated
852,Untitled record,Untitled record,scraped_html_paginated,scraped_html_paginated
853,Untitled record,Untitled record,scraped_html_paginated,scraped_html_paginated
854,The King's Speech,The King's Speech,scraped_json_api,scraped_json_api
855,Inception,Inception,scraped_json_api,scraped_json_api
856,The Social Network,The Social Network,scraped_json_api,scraped_json_api
857,The Fighter,The Fighter,scraped_json_api,scraped_json_api
858,Toy Story 3,Toy Story 3,scraped_json_api,scraped_json_api
859,Alice in Wonderland,Alice in Wonderland,scraped_json_api,scraped_json_api
860,Black Swan,Black Swan,scraped_json_api,scraped_json_api
861,In a Better World,In a Better World,scraped_json_api,scraped_json_api
862,The Lost Thing,The Lost Thing,scraped_json_api,scraped_json_api
863,God of Love,God of Love,scraped_json_api,scraped_json_api
864,The Wolfman,The Wolfman,scraped_json_api,scraped_json_api
865,Strangers No More,Strangers No More,scraped_json_api,scraped_json_api
866,Inside Job,Inside Job,scraped_json_api,scraped_json_api
867,The Artist,The Artist,scraped_json_api,scraped_json_api
868,Hugo,Hugo,scraped_json_api,scraped_json_api
869,The Iron Lady,The Iron Lady,scraped_json_api,scraped_json_api
870,The Descendants,The Descendants,scraped_json_api,scraped_json_api
871,The Girl with the Dragon Tattoo,The Girl with the Dragon Tattoo,scraped_json_api,scraped_json_api
872,Midnight in Paris,Midnight in Paris,scraped_json_api,scraped_json_api
873,The Help,The Help,scraped_json_api,scraped_json_api
874,A Separation,A Separation,scraped_json_api,scraped_json_api
876,The Shore,The Shore,scraped_json_api,scraped_json_api
877,Undefeated,Undefeated,scraped_json_api,scraped_json_api
878,The Muppets,The Muppets,scraped_json_api,scraped_json_api
879,Saving Face,Saving Face,scraped_json_api,scraped_json_api
880,Beginners,Beginners,scraped_json_api,scraped_json_api
881,Rango,Rango,scraped_json_api,scraped_json_api
882,Argo,Argo,scraped_json_api,scraped_json_api
883,Life of Pi,Life of Pi,scraped_json_api,scraped_json_api
884,Les Misérables,Les Misérables,scraped_json_api,scraped_json_api
885,Lincoln,Lincoln,scraped_json_api,scraped_json_api
886,Django Unchained,Django Unchained,scraped_json_api,scraped_json_api
887,Skyfall,Skyfall,scraped_json_api,scraped_json_api
888,Silver Linings Playbook,Silver Linings Playbook,scraped_json_api,scraped_json_api
889,Zero Dark Thirty,Zero Dark Thirty,scraped_json_api,scraped_json_api
890,Amour,Amour,scraped_json_api,scraped_json_api
891,Anna Karenina,Anna Karenina,scraped_json_api,scraped_json_api
892,Paperman,Paperman,scraped_json_api,scraped_json_api
893,Brave,Brave,scraped_json_api,scraped_json_api
894,Searching for Sugar Man,Searching for Sugar Man,scraped_json_api,scraped_json_api
895,Inocente,Inocente,scraped_json_api,scraped_json_api
896,Curfew,Curfew,scraped_json_api,scraped_json_api
897,12 Years a Slave,12 Years a Slave,scraped_json_api,scraped_json_api
898,Gravity,Gravity,scraped_json_api,scraped_json_api
899,Dallas Buyers Club,Dallas Buyers Club,scraped_json_api,scraped_json_api
900,Frozen,Frozen,scraped_json_api,scraped_json_api
901,The Great Gatsby,The Great Gatsby,scraped_json_api,scraped_json_api
902,Her,Her,scraped_json_api,scraped_json_api
903,Blue Jasmine,Blue Jasmine,scraped_json_api,scraped_json_api
904,Mr Hublot,Mr Hublot,scraped_json_api,scraped_json_api
906,Helium,Helium,scraped_json_api,scraped_json_api
907,The Great Beauty,The Great Beauty,scraped_json_api,scraped_json_api
908,20 Feet from Stardom,20 Feet from Stardom,scraped_json_api,scraped_json_api
909,Birdman,Birdman,scraped_json_api,scraped_json_api
910,The Grand Budapest Hotel,The Grand Budapest Hotel,scraped_json_api,scraped_json_api
911,Whiplash,Whiplash,scraped_json_api,scraped_json_api
912,The Imitation Game,The Imitation Game,scraped_json_api,scraped_json_api
913,American Sniper,American Sniper,scraped_json_api,scraped_json_api
914,Boyhood,Boyhood,scraped_json_api,scraped_json_api
915,Interstellar,Interstellar,scraped_json_api,scraped_json_api
916,The Theory of Everything,The Theory of Everything,scraped_json_api,scraped_json_api
917,Ida,Ida,scraped_json_api,scraped_json_api
918,Selma,Selma,scraped_json_api,scraped_json_api
919,Citizenfour,Citizenfour,scraped_json_api,scraped_json_api
920,Big Hero 6,Big Hero 6,scraped_json_api,scraped_json_api
921,Crisis Hotline: Veterans Press 1,Crisis Hotline: Veterans Press 1,scraped_json_api,scraped_json_api
922,The Phone Call,The Phone Call,scraped_json_api,scraped_json_api
923,Still Alice,Still Alice,scraped_json_api,scraped_json_api
924,Feast,Feast,scraped_json_api,scraped_json_api
925,Spotlight  ,Spotlight  ,scraped_json_api,scraped_json_api
926,Mad Max: Fury Road ,Mad Max: Fury Road ,scraped_json_api,scraped_json_api
927,The Revenant   ,The Revenant   ,scraped_json_api,scraped_json_api
928,Bridge of Spies,Bridge of Spies,scraped_json_api,scraped_json_api
929,The Big Short  ,The Big Short  ,scraped_json_api,scraped_json_api
930,The Danish Girl,The Danish Girl,scraped_json_api,scraped_json_api
931,Room   ,Room   ,scraped_json_api,scraped_json_api
932,Ex Machina ,Ex Machina ,scraped_json_api,scraped_json_api
933,The Hateful Eight  ,The Hateful Eight  ,scraped_json_api,scraped_json_api
934,Inside Out ,Inside Out ,scraped_json_api,scraped_json_api
935,Amy,Amy,scraped_json_api,scraped_json_api
936,Bear Story ,Bear Story ,scraped_json_api,scraped_json_api
938,Son of Saul,Son of Saul,scraped_json_api,scraped_json_api
939,Spectre,Spectre,scraped_json_api,scraped_json_api
940,Stutterer  ,Stutterer  ,scraped_json_api,scraped_json_api
973,Election Update,Election Update,Politics,excel
974,AI Market Growth,AI Market Growth,Business,excel
975,Sports Highlights,Sports Highlights,Sports,excel
976,Climate Policy Shift,Climate Policy Shift,Politics,excel
977,Café Culture Trends,Café Culture Trends,Culture,excel
978,München Startup Round,München Startup Round,Technology,excel
979,Žurnal Election Pulse,Žurnal Election Pulse,Politics,excel
980,Streaming Rights Watch,Streaming Rights Watch,Business,excel
981,Weekend Match Buzz,Weekend Match Buzz,Sports,excel
982,Inflation Briefing,Inflation Briefing,Business,excel
983,Untitled record,Untitled record,excel_summary,excel_summary
985,Untitled record,Untitled record,scraped_html,scraped_html
986,Untitled record,Untitled record,scraped_html,scraped_html
987,Untitled record,Untitled record,scraped_html,scraped_html
988,Untitled record,Untitled record,scraped_html,scraped_html
989,Untitled record,Untitled record,scraped_html,scraped_html
990,Untitled record,Untitled record,scraped_html,scraped_html
991,Untitled record,Untitled record,scraped_html,scraped_html
992,Untitled record,Untitled record,scraped_html,scraped_html
993,Untitled record,Untitled record,scraped_html,scraped_html
994,Untitled record,Untitled record,scraped_html,scraped_html
995,Untitled record,Untitled record,scraped_html,scraped_html
996,Untitled record,Untitled record,scraped_html,scraped_html
997,Untitled record,Untitled record,scraped_html,scraped_html
998,Untitled record,Untitled record,scraped_html,scraped_html
999,Untitled record,Untitled record,scraped_html,scraped_html
1000,Untitled record,Untitled record,scraped_html,scraped_html
1001,Untitled record,Untitled record,scraped_html,scraped_html
1002,Untitled record,Untitled record,scraped_html,scraped_html
1003,Untitled record,Untitled record,scraped_html,scraped_html
1004,Untitled record,Untitled record,scraped_html,scraped_html
1005,Untitled record,Untitled record,scraped_html,scraped_html
1006,Untitled record,Untitled record,scraped_html,scraped_html
1007,Untitled record,Untitled record,scraped_html,scraped_html
1008,Untitled record,Untitled record,scraped_html,scraped_html
1009,Untitled record,Untitled record,scraped_html,scraped_html
1010,Untitled record,Untitled record,scraped_html_paginated,scraped_html_paginated
1011,Untitled record,Untitled record,scraped_html_paginated,scraped_html_paginated
1012,Untitled record,Untitled record,scraped_html_paginated,scraped_html_paginated
1013,Untitled record,Untitled record,scraped_html_paginated,scraped_html_paginated
1014,Untitled record,Untitled record,scraped_html_paginated,scraped_html_paginated
1015,Untitled record,Untitled record,scraped_html_paginated,scraped_html_paginated
1016,Untitled record,Untitled record,scraped_html_paginated,scraped_html_paginated
1017,Untitled record,Untitled record,scraped_html_paginated,scraped_html_paginated
1018,Untitled record,Untitled record,scraped_html_paginated,scraped_html_paginated
1019,Untitled record,Untitled record,scraped_html_paginated,scraped_html_paginated
1020,Untitled record,Untitled record,scraped_html_paginated,scraped_html_paginated
1021,Untitled record,Untitled record,scraped_html_paginated,scraped_html_paginated
1022,Untitled record,Untitled record,scraped_html_paginated,scraped_html_paginated
1023,Untitled record,Untitled record,scraped_html_paginated,scraped_html_paginated
1024,Untitled record,Untitled record,scraped_html_paginated,scraped_html_paginated
1025,Untitled record,Untitled record,scraped_html_paginated,scraped_html_paginated
1026,Untitled record,Untitled record,scraped_html_paginated,scraped_html_paginated
1027,Untitled record,Untitled record,scraped_html_paginated,scraped_html_paginated
1028,Untitled record,Untitled record,scraped_html_paginated,scraped_html_paginated
1029,Untitled record,Untitled record,scraped_html_paginated,scraped_html_paginated
1030,Untitled record,Untitled record,scraped_html_paginated,scraped_html_paginated
1031,Untitled record,Untitled record,scraped_html_paginated,scraped_html_paginated
1032,Untitled record,Untitled record,scraped_html_paginated,scraped_html_paginated
1033,Untitled record,Untitled record,scraped_html_paginated,scraped_html_paginated
1034,Untitled record,Untitled record,scraped_html_paginated,scraped_html_paginated
1035,Untitled record,Untitled record,scraped_html_paginated,scraped_html_paginated
1036,Untitled record,Untitled record,scraped_html_paginated,scraped_html_paginated
1037,Untitled record,Untitled record,scraped_html_paginated,scraped_html_paginated
1038,Untitled record,Untitled record,scraped_html_paginated,scraped_html_paginated
1039,Untitled record,Untitled record,scraped_html_paginated,scraped_html_paginated
1040,Untitled record,Untitled record,scraped_html_paginated,scraped_html_paginated
1041,Untitled record,Untitled record,scraped_html_paginated,scraped_html_paginated
1042,Untitled record,Untitled record,scraped_html_paginated,scraped_html_paginated
1043,Untitled record,Untitled record,scraped_html_paginated,scraped_html_paginated
1044,Untitled record,Untitled record,scraped_html_paginated,scraped_html_paginated
1045,Untitled record,Untitled record,scraped_html_paginated,scraped_html_paginated
1046,Untitled record,Untitled record,scraped_html_paginated,scraped_html_paginated
1047,Untitled record,Untitled record,scraped_html_paginated,scraped_html_paginated
1048,Untitled record,Untitled record,scraped_html_paginated,scraped_html_paginated
1049,Untitled record,Untitled record,scraped_html_paginated,scraped_html_paginated
1050,Untitled record,Untitled record,scraped_html_paginated,scraped_html_paginated
1051,Untitled record,Untitled record,scraped_html_paginated,scraped_html_paginated
1052,Untitled record,Untitled record,scraped_html_paginated,scraped_html_paginated
1053,Untitled record,Untitled record,scraped_html_paginated,scraped_html_paginated
1054,Untitled record,Untitled record,scraped_html_paginated,scraped_html_paginated
1055,Untitled record,Untitled record,scraped_html_paginated,scraped_html_paginated
1056,Untitled record,Untitled record,scraped_html_paginated,scraped_html_paginated
1057,Untitled record,Untitled record,scraped_html_paginated,scraped_html_paginated
1058,Untitled record,Untitled record,scraped_html_paginated,scraped_html_paginated
1059,Untitled record,Untitled record,scraped_html_paginated,scraped_html_paginated
1060,Untitled record,Untitled record,scraped_html_paginated,scraped_html_paginated
1061,Untitled record,Untitled record,scraped_html_paginated,scraped_html_paginated
1062,Untitled record,Untitled record,scraped_html_paginated,scraped_html_paginated
1063,Untitled record,Untitled record,scraped_html_paginated,scraped_html_paginated
1064,Untitled record,Untitled record,scraped_html_paginated,scraped_html_paginated
1065,Untitled record,Untitled record,scraped_html_paginated,scraped_html_paginated
1066,Untitled record,Untitled record,scraped_html_paginated,scraped_html_paginated
1067,Untitled record,Untitled record,scraped_html_paginated,scraped_html_paginated
1068,Untitled record,Untitled record,scraped_html_paginated,scraped_html_paginated
1069,Untitled record,Untitled record,scraped_html_paginated,scraped_html_paginated
1070,Untitled record,Untitled record,scraped_html_paginated,scraped_html_paginated
1071,Untitled record,Untitled record,scraped_html_paginated,scraped_html_paginated
1072,Untitled record,Untitled record,scraped_html_paginated,scraped_html_paginated
1073,Untitled record,Untitled record,scraped_html_paginated,scraped_html_paginated
1074,Untitled record,Untitled record,scraped_html_paginated,scraped_html_paginated
1075,Untitled record,Untitled record,scraped_html_paginated,scraped_html_paginated
1076,Untitled record,Untitled record,scraped_html_paginated,scraped_html_paginated
1077,Untitled record,Untitled record,scraped_html_paginated,scraped_html_paginated
1078,Untitled record,Untitled record,scraped_html_paginated,scraped_html_paginated
1079,Untitled record,Untitled record,scraped_html_paginated,scraped_html_paginated
1080,Untitled record,Untitled record,scraped_html_paginated,scraped_html_paginated
1081,Untitled record,Untitled record,scraped_html_paginated,scraped_html_paginated
1082,Untitled record,Untitled record,scraped_html_paginated,scraped_html_paginated
1083,Untitled record,Untitled record,scraped_html_paginated,scraped_html_paginated
1084,Untitled record,Untitled record,scraped_html_paginated,scraped_html_paginated
1085,Untitled record,Untitled record,scraped_html_paginated,scraped_html_paginated
1086,Untitled record,Untitled record,scraped_html_paginated,scraped_html_paginated
1087,Untitled record,Untitled record,scraped_html_paginated,scraped_html_paginated
1088,Untitled record,Untitled record,scraped_html_paginated,scraped_html_paginated
1089,Untitled record,Untitled record,scraped_html_paginated,scraped_html_paginated
1090,Untitled record,Untitled record,scraped_html_paginated,scraped_html_paginated
1091,Untitled record,Untitled record,scraped_html_paginated,scraped_html_paginated
1092,Untitled record,Untitled record,scraped_html_paginated,scraped_html_paginated
1093,Untitled record,Untitled record,scraped_html_paginated,scraped_html_paginated
1094,Untitled record,Untitled record,scraped_html_paginated,scraped_html_paginated
1095,Untitled record,Untitled record,scraped_html_paginated,scraped_html_paginated
1096,Untitled record,Untitled record,scraped_html_paginated,scraped_html_paginated
1097,Untitled record,Untitled record,scraped_html_paginated,scraped_html_paginated
1098,Untitled record,Untitled record,scraped_html_paginated,scraped_html_paginated
1099,Untitled record,Untitled record,scraped_html_paginated,scraped_html_paginated
1100,Untitled record,Untitled record,scraped_html_paginated,scraped_html_paginated
1101,Untitled record,Untitled record,scraped_html_paginated,scraped_html_paginated
1102,Untitled record,Untitled record,scraped_html_paginated,scraped_html_paginated
1103,Untitled record,Untitled record,scraped_html_paginated,scraped_html_paginated
1104,Untitled record,Untitled record,scraped_html_paginated,scraped_html_paginated
1105,Untitled record,Untitled record,scraped_html_paginated,scraped_html_paginated
1106,Untitled record,Untitled record,scraped_html_paginated,scraped_html_paginated
1107,Untitled record,Untitled record,scraped_html_paginated,scraped_html_paginated
1108,Untitled record,Untitled record,scraped_html_paginated,scraped_html_paginated
1109,Untitled record,Untitled record,scraped_html_paginated,scraped_html_paginated
1110,The King's Speech,The King's Speech,scraped_json_api,scraped_json_api
1111,Inception,Inception,scraped_json_api,scraped_json_api
1112,The Social Network,The Social Network,scraped_json_api,scraped_json_api
1113,The Fighter,The Fighter,scraped_json_api,scraped_json_api
1114,Toy Story 3,Toy Story 3,scraped_json_api,scraped_json_api
1115,Alice in Wonderland,Alice in Wonderland,scraped_json_api,scraped_json_api
1116,Black Swan,Black Swan,scraped_json_api,scraped_json_api
1117,In a Better World,In a Better World,scraped_json_api,scraped_json_api
1118,The Lost Thing,The Lost Thing,scraped_json_api,scraped_json_api
1119,God of Love,God of Love,scraped_json_api,scraped_json_api
1120,The Wolfman,The Wolfman,scraped_json_api,scraped_json_api
1121,Strangers No More,Strangers No More,scraped_json_api,scraped_json_api
1122,Inside Job,Inside Job,scraped_json_api,scraped_json_api
1123,The Artist,The Artist,scraped_json_api,scraped_json_api
1124,Hugo,Hugo,scraped_json_api,scraped_json_api
1125,The Iron Lady,The Iron Lady,scraped_json_api,scraped_json_api
1126,The Descendants,The Descendants,scraped_json_api,scraped_json_api
1127,The Girl with the Dragon Tattoo,The Girl with the Dragon Tattoo,scraped_json_api,scraped_json_api
1128,Midnight in Paris,Midnight in Paris,scraped_json_api,scraped_json_api
1129,The Help,The Help,scraped_json_api,scraped_json_api
1130,A Separation,A Separation,scraped_json_api,scraped_json_api
1132,The Shore,The Shore,scraped_json_api,scraped_json_api
1133,Undefeated,Undefeated,scraped_json_api,scraped_json_api
1134,The Muppets,The Muppets,scraped_json_api,scraped_json_api
1135,Saving Face,Saving Face,scraped_json_api,scraped_json_api
1136,Beginners,Beginners,scraped_json_api,scraped_json_api
1137,Rango,Rango,scraped_json_api,scraped_json_api
1138,Argo,Argo,scraped_json_api,scraped_json_api
1139,Life of Pi,Life of Pi,scraped_json_api,scraped_json_api
1140,Les Misérables,Les Misérables,scraped_json_api,scraped_json_api
1141,Lincoln,Lincoln,scraped_json_api,scraped_json_api
1142,Django Unchained,Django Unchained,scraped_json_api,scraped_json_api
1143,Skyfall,Skyfall,scraped_json_api,scraped_json_api
1144,Silver Linings Playbook,Silver Linings Playbook,scraped_json_api,scraped_json_api
1145,Zero Dark Thirty,Zero Dark Thirty,scraped_json_api,scraped_json_api
1146,Amour,Amour,scraped_json_api,scraped_json_api
1147,Anna Karenina,Anna Karenina,scraped_json_api,scraped_json_api
1148,Paperman,Paperman,scraped_json_api,scraped_json_api
1149,Brave,Brave,scraped_json_api,scraped_json_api
1150,Searching for Sugar Man,Searching for Sugar Man,scraped_json_api,scraped_json_api
1151,Inocente,Inocente,scraped_json_api,scraped_json_api
1152,Curfew,Curfew,scraped_json_api,scraped_json_api
1153,12 Years a Slave,12 Years a Slave,scraped_json_api,scraped_json_api
1154,Gravity,Gravity,scraped_json_api,scraped_json_api
1155,Dallas Buyers Club,Dallas Buyers Club,scraped_json_api,scraped_json_api
1156,Frozen,Frozen,scraped_json_api,scraped_json_api
1157,The Great Gatsby,The Great Gatsby,scraped_json_api,scraped_json_api
1158,Her,Her,scraped_json_api,scraped_json_api
1159,Blue Jasmine,Blue Jasmine,scraped_json_api,scraped_json_api
1160,Mr Hublot,Mr Hublot,scraped_json_api,scraped_json_api
1162,Helium,Helium,scraped_json_api,scraped_json_api
1163,The Great Beauty,The Great Beauty,scraped_json_api,scraped_json_api
1164,20 Feet from Stardom,20 Feet from Stardom,scraped_json_api,scraped_json_api
1165,Birdman,Birdman,scraped_json_api,scraped_json_api
1166,The Grand Budapest Hotel,The Grand Budapest Hotel,scraped_json_api,scraped_json_api
1167,Whiplash,Whiplash,scraped_json_api,scraped_json_api
1168,The Imitation Game,The Imitation Game,scraped_json_api,scraped_json_api
1169,American Sniper,American Sniper,scraped_json_api,scraped_json_api
1170,Boyhood,Boyhood,scraped_json_api,scraped_json_api
1171,Interstellar,Interstellar,scraped_json_api,scraped_json_api
1172,The Theory of Everything,The Theory of Everything,scraped_json_api,scraped_json_api
1173,Ida,Ida,scraped_json_api,scraped_json_api
1174,Selma,Selma,scraped_json_api,scraped_json_api
1175,Citizenfour,Citizenfour,scraped_json_api,scraped_json_api
1176,Big Hero 6,Big Hero 6,scraped_json_api,scraped_json_api
1177,Crisis Hotline: Veterans Press 1,Crisis Hotline: Veterans Press 1,scraped_json_api,scraped_json_api
1178,The Phone Call,The Phone Call,scraped_json_api,scraped_json_api
1179,Still Alice,Still Alice,scraped_json_api,scraped_json_api
1180,Feast,Feast,scraped_json_api,scraped_json_api
1181,Spotlight  ,Spotlight  ,scraped_json_api,scraped_json_api
1182,Mad Max: Fury Road ,Mad Max: Fury Road ,scraped_json_api,scraped_json_api
1183,The Revenant   ,The Revenant   ,scraped_json_api,scraped_json_api
1184,Bridge of Spies,Bridge of Spies,scraped_json_api,scraped_json_api
1185,The Big Short  ,The Big Short  ,scraped_json_api,scraped_json_api
1186,The Danish Girl,The Danish Girl,scraped_json_api,scraped_json_api
1187,Room   ,Room   ,scraped_json_api,scraped_json_api
1188,Ex Machina ,Ex Machina ,scraped_json_api,scraped_json_api
1189,The Hateful Eight  ,The Hateful Eight  ,scraped_json_api,scraped_json_api
1190,Inside Out ,Inside Out ,scraped_json_api,scraped_json_api
1191,Amy,Amy,scraped_json_api,scraped_json_api
1192,Bear Story ,Bear Story ,scraped_json_api,scraped_json_api
1194,Son of Saul,Son of Saul,scraped_json_api,scraped_json_api
1195,Spectre,Spectre,scraped_json_api,scraped_json_api
1196,Stutterer  ,Stutterer  ,scraped_json_api,scraped_json_api
1229,Election Update,Election Update,Politics,excel
1230,AI Market Growth,AI Market Growth,Business,excel
1231,Sports Highlights,Sports Highlights,Sports,excel
1232,Climate Policy Shift,Climate Policy Shift,Politics,excel
1233,Café Culture Trends,Café Culture Trends,Culture,excel
1234,München Startup Round,München Startup Round,Technology,excel
1235,Žurnal Election Pulse,Žurnal Election Pulse,Politics,excel
1236,Streaming Rights Watch,Streaming Rights Watch,Business,excel
1237,Weekend Match Buzz,Weekend Match Buzz,Sports,excel
1238,Inflation Briefing,Inflation Briefing,Business,excel
1239,Untitled record,Untitled record,excel_summary,excel_summary
1241,Untitled record,Untitled record,scraped_html,scraped_html
1242,Untitled record,Untitled record,scraped_html,scraped_html
1243,Untitled record,Untitled record,scraped_html,scraped_html
1244,Untitled record,Untitled record,scraped_html,scraped_html
1245,Untitled record,Untitled record,scraped_html,scraped_html
1246,Untitled record,Untitled record,scraped_html,scraped_html
1247,Untitled record,Untitled record,scraped_html,scraped_html
1248,Untitled record,Untitled record,scraped_html,scraped_html
1249,Untitled record,Untitled record,scraped_html,scraped_html
1250,Untitled record,Untitled record,scraped_html,scraped_html
1251,Untitled record,Untitled record,scraped_html,scraped_html
1252,Untitled record,Untitled record,scraped_html,scraped_html
1253,Untitled record,Untitled record,scraped_html,scraped_html
1254,Untitled record,Untitled record,scraped_html,scraped_html
1255,Untitled record,Untitled record,scraped_html,scraped_html
1256,Untitled record,Untitled record,scraped_html,scraped_html
1257,Untitled record,Untitled record,scraped_html,scraped_html
1258,Untitled record,Untitled record,scraped_html,scraped_html
1259,Untitled record,Untitled record,scraped_html,scraped_html
1260,Untitled record,Untitled record,scraped_html,scraped_html
1261,Untitled record,Untitled record,scraped_html,scraped_html
1262,Untitled record,Untitled record,scraped_html,scraped_html
1263,Untitled record,Untitled record,scraped_html,scraped_html
1264,Untitled record,Untitled record,scraped_html,scraped_html
1265,Untitled record,Untitled record,scraped_html,scraped_html
1266,Untitled record,Untitled record,scraped_html_paginated,scraped_html_paginated
1267,Untitled record,Untitled record,scraped_html_paginated,scraped_html_paginated
1268,Untitled record,Untitled record,scraped_html_paginated,scraped_html_paginated
1269,Untitled record,Untitled record,scraped_html_paginated,scraped_html_paginated
1270,Untitled record,Untitled record,scraped_html_paginated,scraped_html_paginated
1271,Untitled record,Untitled record,scraped_html_paginated,scraped_html_paginated
1272,Untitled record,Untitled record,scraped_html_paginated,scraped_html_paginated
1273,Untitled record,Untitled record,scraped_html_paginated,scraped_html_paginated
1274,Untitled record,Untitled record,scraped_html_paginated,scraped_html_paginated
1275,Untitled record,Untitled record,scraped_html_paginated,scraped_html_paginated
1276,Untitled record,Untitled record,scraped_html_paginated,scraped_html_paginated
1277,Untitled record,Untitled record,scraped_html_paginated,scraped_html_paginated
1278,Untitled record,Untitled record,scraped_html_paginated,scraped_html_paginated
1279,Untitled record,Untitled record,scraped_html_paginated,scraped_html_paginated
1280,Untitled record,Untitled record,scraped_html_paginated,scraped_html_paginated
1281,Untitled record,Untitled record,scraped_html_paginated,scraped_html_paginated
1282,Untitled record,Untitled record,scraped_html_paginated,scraped_html_paginated
1283,Untitled record,Untitled record,scraped_html_paginated,scraped_html_paginated
1284,Untitled record,Untitled record,scraped_html_paginated,scraped_html_paginated
1285,Untitled record,Untitled record,scraped_html_paginated,scraped_html_paginated
1286,Untitled record,Untitled record,scraped_html_paginated,scraped_html_paginated
1287,Untitled record,Untitled record,scraped_html_paginated,scraped_html_paginated
1288,Untitled record,Untitled record,scraped_html_paginated,scraped_html_paginated
1289,Untitled record,Untitled record,scraped_html_paginated,scraped_html_paginated
1290,Untitled record,Untitled record,scraped_html_paginated,scraped_html_paginated
1291,Untitled record,Untitled record,scraped_html_paginated,scraped_html_paginated
1292,Untitled record,Untitled record,scraped_html_paginated,scraped_html_paginated
1293,Untitled record,Untitled record,scraped_html_paginated,scraped_html_paginated
1294,Untitled record,Untitled record,scraped_html_paginated,scraped_html_paginated
1295,Untitled record,Untitled record,scraped_html_paginated,scraped_html_paginated
1296,Untitled record,Untitled record,scraped_html_paginated,scraped_html_paginated
1297,Untitled record,Untitled record,scraped_html_paginated,scraped_html_paginated
1298,Untitled record,Untitled record,scraped_html_paginated,scraped_html_paginated
1299,Untitled record,Untitled record,scraped_html_paginated,scraped_html_paginated
1300,Untitled record,Untitled record,scraped_html_paginated,scraped_html_paginated
1301,Untitled record,Untitled record,scraped_html_paginated,scraped_html_paginated
1302,Untitled record,Untitled record,scraped_html_paginated,scraped_html_paginated
1303,Untitled record,Untitled record,scraped_html_paginated,scraped_html_paginated
1304,Untitled record,Untitled record,scraped_html_paginated,scraped_html_paginated
1305,Untitled record,Untitled record,scraped_html_paginated,scraped_html_paginated
1306,Untitled record,Untitled record,scraped_html_paginated,scraped_html_paginated
1307,Untitled record,Untitled record,scraped_html_paginated,scraped_html_paginated
1308,Untitled record,Untitled record,scraped_html_paginated,scraped_html_paginated
1309,Untitled record,Untitled record,scraped_html_paginated,scraped_html_paginated
1310,Untitled record,Untitled record,scraped_html_paginated,scraped_html_paginated
1311,Untitled record,Untitled record,scraped_html_paginated,scraped_html_paginated
1312,Untitled record,Untitled record,scraped_html_paginated,scraped_html_paginated
1313,Untitled record,Untitled record,scraped_html_paginated,scraped_html_paginated
1314,Untitled record,Untitled record,scraped_html_paginated,scraped_html_paginated
1315,Untitled record,Untitled record,scraped_html_paginated,scraped_html_paginated
1316,Untitled record,Untitled record,scraped_html_paginated,scraped_html_paginated
1317,Untitled record,Untitled record,scraped_html_paginated,scraped_html_paginated
1318,Untitled record,Untitled record,scraped_html_paginated,scraped_html_paginated
1319,Untitled record,Untitled record,scraped_html_paginated,scraped_html_paginated
1320,Untitled record,Untitled record,scraped_html_paginated,scraped_html_paginated
1321,Untitled record,Untitled record,scraped_html_paginated,scraped_html_paginated
1322,Untitled record,Untitled record,scraped_html_paginated,scraped_html_paginated
1323,Untitled record,Untitled record,scraped_html_paginated,scraped_html_paginated
1324,Untitled record,Untitled record,scraped_html_paginated,scraped_html_paginated
1325,Untitled record,Untitled record,scraped_html_paginated,scraped_html_paginated
1326,Untitled record,Untitled record,scraped_html_paginated,scraped_html_paginated
1327,Untitled record,Untitled record,scraped_html_paginated,scraped_html_paginated
1328,Untitled record,Untitled record,scraped_html_paginated,scraped_html_paginated
1329,Untitled record,Untitled record,scraped_html_paginated,scraped_html_paginated
1330,Untitled record,Untitled record,scraped_html_paginated,scraped_html_paginated
1331,Untitled record,Untitled record,scraped_html_paginated,scraped_html_paginated
1332,Untitled record,Untitled record,scraped_html_paginated,scraped_html_paginated
1333,Untitled record,Untitled record,scraped_html_paginated,scraped_html_paginated
1334,Untitled record,Untitled record,scraped_html_paginated,scraped_html_paginated
1335,Untitled record,Untitled record,scraped_html_paginated,scraped_html_paginated
1336,Untitled record,Untitled record,scraped_html_paginated,scraped_html_paginated
1337,Untitled record,Untitled record,scraped_html_paginated,scraped_html_paginated
1338,Untitled record,Untitled record,scraped_html_paginated,scraped_html_paginated
1339,Untitled record,Untitled record,scraped_html_paginated,scraped_html_paginated
1340,Untitled record,Untitled record,scraped_html_paginated,scraped_html_paginated
1341,Untitled record,Untitled record,scraped_html_paginated,scraped_html_paginated
1342,Untitled record,Untitled record,scraped_html_paginated,scraped_html_paginated
1343,Untitled record,Untitled record,scraped_html_paginated,scraped_html_paginated
1344,Untitled record,Untitled record,scraped_html_paginated,scraped_html_paginated
1345,Untitled record,Untitled record,scraped_html_paginated,scraped_html_paginated
1346,Untitled record,Untitled record,scraped_html_paginated,scraped_html_paginated
1347,Untitled record,Untitled record,scraped_html_paginated,scraped_html_paginated
1348,Untitled record,Untitled record,scraped_html_paginated,scraped_html_paginated
1349,Untitled record,Untitled record,scraped_html_paginated,scraped_html_paginated
1350,Untitled record,Untitled record,scraped_html_paginated,scraped_html_paginated
1351,Untitled record,Untitled record,scraped_html_paginated,scraped_html_paginated
1352,Untitled record,Untitled record,scraped_html_paginated,scraped_html_paginated
1353,Untitled record,Untitled record,scraped_html_paginated,scraped_html_paginated
1354,Untitled record,Untitled record,scraped_html_paginated,scraped_html_paginated
1355,Untitled record,Untitled record,scraped_html_paginated,scraped_html_paginated
1356,Untitled record,Untitled record,scraped_html_paginated,scraped_html_paginated
1357,Untitled record,Untitled record,scraped_html_paginated,scraped_html_paginated
1358,Untitled record,Untitled record,scraped_html_paginated,scraped_html_paginated
1359,Untitled record,Untitled record,scraped_html_paginated,scraped_html_paginated
1360,Untitled record,Untitled record,scraped_html_paginated,scraped_html_paginated
1361,Untitled record,Untitled record,scraped_html_paginated,scraped_html_paginated
1362,Untitled record,Untitled record,scraped_html_paginated,scraped_html_paginated
1363,Untitled record,Untitled record,scraped_html_paginated,scraped_html_paginated
1364,Untitled record,Untitled record,scraped_html_paginated,scraped_html_paginated
1365,Untitled record,Untitled record,scraped_html_paginated,scraped_html_paginated
1366,The King's Speech,The King's Speech,scraped_json_api,scraped_json_api
1367,Inception,Inception,scraped_json_api,scraped_json_api
1368,The Social Network,The Social Network,scraped_json_api,scraped_json_api
1369,The Fighter,The Fighter,scraped_json_api,scraped_json_api
1370,Toy Story 3,Toy Story 3,scraped_json_api,scraped_json_api
1371,Alice in Wonderland,Alice in Wonderland,scraped_json_api,scraped_json_api
1372,Black Swan,Black Swan,scraped_json_api,scraped_json_api
1373,In a Better World,In a Better World,scraped_json_api,scraped_json_api
1374,The Lost Thing,The Lost Thing,scraped_json_api,scraped_json_api
1375,God of Love,God of Love,scraped_json_api,scraped_json_api
1376,The Wolfman,The Wolfman,scraped_json_api,scraped_json_api
1377,Strangers No More,Strangers No More,scraped_json_api,scraped_json_api
1378,Inside Job,Inside Job,scraped_json_api,scraped_json_api
1379,The Artist,The Artist,scraped_json_api,scraped_json_api
1380,Hugo,Hugo,scraped_json_api,scraped_json_api
1381,The Iron Lady,The Iron Lady,scraped_json_api,scraped_json_api
1382,The Descendants,The Descendants,scraped_json_api,scraped_json_api
1383,The Girl with the Dragon Tattoo,The Girl with the Dragon Tattoo,scraped_json_api,scraped_json_api
1384,Midnight in Paris,Midnight in Paris,scraped_json_api,scraped_json_api
1385,The Help,The Help,scraped_json_api,scraped_json_api
1386,A Separation,A Separation,scraped_json_api,scraped_json_api
1388,The Shore,The Shore,scraped_json_api,scraped_json_api
1389,Undefeated,Undefeated,scraped_json_api,scraped_json_api
1390,The Muppets,The Muppets,scraped_json_api,scraped_json_api
1391,Saving Face,Saving Face,scraped_json_api,scraped_json_api
1392,Beginners,Beginners,scraped_json_api,scraped_json_api
1393,Rango,Rango,scraped_json_api,scraped_json_api
1394,Argo,Argo,scraped_json_api,scraped_json_api
1395,Life of Pi,Life of Pi,scraped_json_api,scraped_json_api
1396,Les Misérables,Les Misérables,scraped_json_api,scraped_json_api
1397,Lincoln,Lincoln,scraped_json_api,scraped_json_api
1398,Django Unchained,Django Unchained,scraped_json_api,scraped_json_api
1399,Skyfall,Skyfall,scraped_json_api,scraped_json_api
1400,Silver Linings Playbook,Silver Linings Playbook,scraped_json_api,scraped_json_api
1401,Zero Dark Thirty,Zero Dark Thirty,scraped_json_api,scraped_json_api
1402,Amour,Amour,scraped_json_api,scraped_json_api
1403,Anna Karenina,Anna Karenina,scraped_json_api,scraped_json_api
1404,Paperman,Paperman,scraped_json_api,scraped_json_api
1405,Brave,Brave,scraped_json_api,scraped_json_api
1406,Searching for Sugar Man,Searching for Sugar Man,scraped_json_api,scraped_json_api
1407,Inocente,Inocente,scraped_json_api,scraped_json_api
1408,Curfew,Curfew,scraped_json_api,scraped_json_api
1409,12 Years a Slave,12 Years a Slave,scraped_json_api,scraped_json_api
1410,Gravity,Gravity,scraped_json_api,scraped_json_api
1411,Dallas Buyers Club,Dallas Buyers Club,scraped_json_api,scraped_json_api
1412,Frozen,Frozen,scraped_json_api,scraped_json_api
1413,The Great Gatsby,The Great Gatsby,scraped_json_api,scraped_json_api
1414,Her,Her,scraped_json_api,scraped_json_api
1415,Blue Jasmine,Blue Jasmine,scraped_json_api,scraped_json_api
1416,Mr Hublot,Mr Hublot,scraped_json_api,scraped_json_api
1418,Helium,Helium,scraped_json_api,scraped_json_api
1419,The Great Beauty,The Great Beauty,scraped_json_api,scraped_json_api
1420,20 Feet from Stardom,20 Feet from Stardom,scraped_json_api,scraped_json_api
1421,Birdman,Birdman,scraped_json_api,scraped_json_api
1422,The Grand Budapest Hotel,The Grand Budapest Hotel,scraped_json_api,scraped_json_api
1423,Whiplash,Whiplash,scraped_json_api,scraped_json_api
1424,The Imitation Game,The Imitation Game,scraped_json_api,scraped_json_api
1425,American Sniper,American Sniper,scraped_json_api,scraped_json_api
1426,Boyhood,Boyhood,scraped_json_api,scraped_json_api
1427,Interstellar,Interstellar,scraped_json_api,scraped_json_api
1428,The Theory of Everything,The Theory of Everything,scraped_json_api,scraped_json_api
1429,Ida,Ida,scraped_json_api,scraped_json_api
1430,Selma,Selma,scraped_json_api,scraped_json_api
1431,Citizenfour,Citizenfour,scraped_json_api,scraped_json_api
1432,Big Hero 6,Big Hero 6,scraped_json_api,scraped_json_api
1433,Crisis Hotline: Veterans Press 1,Crisis Hotline: Veterans Press 1,scraped_json_api,scraped_json_api
1434,The Phone Call,The Phone Call,scraped_json_api,scraped_json_api
1435,Still Alice,Still Alice,scraped_json_api,scraped_json_api
1436,Feast,Feast,scraped_json_api,scraped_json_api
1437,Spotlight  ,Spotlight  ,scraped_json_api,scraped_json_api
1438,Mad Max: Fury Road ,Mad Max: Fury Road ,scraped_json_api,scraped_json_api
1439,The Revenant   ,The Revenant   ,scraped_json_api,scraped_json_api
1440,Bridge of Spies,Bridge of Spies,scraped_json_api,scraped_json_api
1441,The Big Short  ,The Big Short  ,scraped_json_api,scraped_json_api
1442,The Danish Girl,The Danish Girl,scraped_json_api,scraped_json_api
1443,Room   ,Room   ,scraped_json_api,scraped_json_api
1444,Ex Machina ,Ex Machina ,scraped_json_api,scraped_json_api
1445,The Hateful Eight  ,The Hateful Eight  ,scraped_json_api,scraped_json_api
1446,Inside Out ,Inside Out ,scraped_json_api,scraped_json_api
1447,Amy,Amy,scraped_json_api,scraped_json_api
1448,Bear Story ,Bear Story ,scraped_json_api,scraped_json_api
1450,Son of Saul,Son of Saul,scraped_json_api,scraped_json_api
1451,Spectre,Spectre,scraped_json_api,scraped_json_api
1452,Stutterer  ,Stutterer  ,scraped_json_api,scraped_json_api
